symbol,ticker,company_name,sector,market_cap,enterprise_value,net_income,book_value,free_cash_flow,ebitda,revenue,gross_profit,operating_income,operating_cash_flow,total_assets,total_debt,net_cash,earnings_yield,book_to_market,fcf_yield,ev_ebitda,dividend_yield,net_cash_to_market_cap,roe,gross_profitability,operating_margin,fcf_conversion,debt_to_ebitda,accrual_quality,revenue_growth,eps_growth,negative_earnings_years,negative_fcf_years,last_price,change_20d,average_daily_value,technical_score,risk_score,position_52w,market_date,undervaluation_score,value_score,quality_score,growth_stability_score,value_trap_risk,data_completeness,confidence,piotroski_f_score,piotroski_completeness,value_data_completeness,quality_data_completeness,growth_data_completeness,earnings_yield_score,earnings_yield_contribution,book_to_market_score,book_to_market_contribution,fcf_yield_score,fcf_yield_contribution,ev_ebitda_score,ev_ebitda_contribution,dividend_yield_score,dividend_yield_contribution,shareholder_yield_score,shareholder_yield_contribution,net_cash_to_market_cap_score,net_cash_to_market_cap_contribution,roe_score,roe_contribution,roic_score,roic_contribution,gross_profitability_score,gross_profitability_contribution,operating_margin_score,operating_margin_contribution,fcf_conversion_score,fcf_conversion_contribution,debt_to_ebitda_score,debt_to_ebitda_contribution,accrual_quality_score,accrual_quality_contribution,earnings_stability_score,earnings_stability_contribution,fcf_stability_score,fcf_stability_contribution,revenue_growth_score,revenue_growth_contribution,eps_growth_score,eps_growth_contribution,fcf_growth_score,fcf_growth_contribution,margin_stability_score,margin_stability_contribution,earnings_volatility_score,earnings_volatility_contribution,reasons,technical_score_score_output,technical_risk_score,liquidity_score,liquidity_risk_score,overall_score,eligible,filter_reasons,rank
8411,8411.T,みずほフィナンシャルグループ,銀行業,19699918176256.0,-24341769093120.0,1381019942912.0,11494037698496.396,,,4739890151424.0,4739890151424.0,2212865116093.8086,,,75297177206784.0,44152641290240.0,0.06911692620994019,0.5834561022215091,,,1.85,2.2412601359662743,0.124919996,,0.46686,,,,0.35,0.497,0,0,8108.0,-0.06287563569116972,78650095820.0,67.773134586907,52.41983294535916,0.8414170233000475,2026-08-24,80.51357142857142,81.54761904761904,100.0,83.33333333333333,16.9,43.666666666666664,38.74688888888888,,0.0,56.00000000000001,25.0,50.0,100.0,5.699999999999999,66.66666666666666,1.2999999999999992,,,,,33.33333333333333,-0.9000000000000002,,,100.0,4.5,100.0,1.625,,,,,100.0,1.5,,,,,,,,,,,100.0,1.875,66.66666666666666,0.6249999999999997,,,,,,,利益利回りが相対的に良好 / ネットキャッシュが相対的に良好 / roeが相対的に良好 / データ不足のため信頼度が低い,67.773134586907,52.41983294535916,84.0,74.52594988360775,76.72970006365895,True,,1
9432,9432.T,日本電信電話,情報・通信業,13520301195264.0,29052813443072.0,1052147974144.0,9831248167663.7,11260864233472.0,3735236902912.0,14764788940800.0,4028308914176.0,1838659166797.824,1533429022720.0,,17425652252672.0,-15038263328768.0,0.07573573288370544,0.7271471291322409,0.832885604458024,7.778,3.25,-1.1122728045463754,0.107130006,,0.12453,10.702738122585412,4.6652067072605,,0.109,0.075,0,0,166.5,0.10046263477630246,42924342984.67842,82.63388621000212,80.0,1.0,2026-08-24,62.2625,75.83333333333333,50.5,81.25,22.999999999999996,63.333333333333336,53.62222222222223,2.0,22.22222222222222,90.0,50.0,50.0,75.0,2.8499999999999996,100.0,3.9,100.0,6.0,75.0,2.1,75.0,1.35,,,25.0,-2.25,25.0,-0.8125,,,,,50.0,0.0,100.0,1.625,25.0,-0.75,,,,,,,87.5,1.40625,75.0,0.9375,,,,,,,純資産価値が相対的に良好 / FCF利回りが相対的に良好 / fcf_conversionが相対的に良好,82.63388621000212,80.0,72.0,74.4,68.56909655250054,True,,2
6758,6758.T,ソニーグループ,電気機器,22536247050240.0,22333527949312.0,1114027065344.0,8342333169246.9,3351335403520.0,2079234064384.0,12695775477760.0,4094076125184.0,2122860744594.0044,2065723031552.0,,1870597980160.0,299421007872.0,0.04846753411920532,0.3701740410271293,0.14870867345609393,10.741,0.92,0.013286196552802314,0.13159999,,0.16721001,3.0083069862267147,0.8996572402319644,,0.082,0.476,0,0,3850.0,0.12936344969199176,70385527535.0,67.2582020756219,67.46581656588383,0.4643982356647763,2026-08-24,66.775,67.5,75.5,75.0,10.999999999999998,63.333333333333336,58.68888888888889,2.0,22.22222222222222,90.0,50.0,50.0,75.0,2.8499999999999996,75.0,1.95,100.0,6.0,50.0,0.0,25.0,-1.35,,,50.0,0.0,75.0,0.8125,,,,,100.0,1.5,100.0,1.625,25.0,-0.75,,,,,,,75.0,0.9375,75.0,0.9375,,,,,,,FCF利回りが相対的に良好 / operating_marginが相対的に良好 / fcf_conversionが相対的に良好,67.2582020756219,67.46581656588383,80.0,76.23974496976516,67.842275015882,True,,3
9433,9433.T,KDDI,情報・通信業,10636411011072.0,16085225046016.0,742508003328.0,4978579866990.568,1533192962048.0,1802664935424.0,6143497207808.0,2627239936000.0,1251061771398.021,1344218988544.0,,5296146087936.0,-4465748082688.0,0.06384427716818197,0.4680695146886767,0.14414570482957256,8.923,2.88,-0.41985478729990483,0.14586,,0.20364,2.0648840890280855,2.937953683938667,,0.036,0.194,0,0,2877.0,-0.015568862275449069,28464325515.0,82.06890177051922,73.94843798064224,0.7087011349306431,2026-08-24,60.85833333333333,63.888888888888886,68.0,62.5,10.999999999999998,63.333333333333336,58.68888888888889,2.0,22.22222222222222,90.0,50.0,50.0,50.0,0.0,50.0,0.0,75.0,3.0,50.0,0.0,50.0,0.0,,,100.0,4.5,50.0,0.0,,,,,100.0,1.5,50.0,0.0,75.0,0.75,,,,,,,25.0,-0.9375,100.0,1.875,,,,,,,ネットキャッシュが相対的に良好 / operating_marginが相対的に良好 / eps_growthが相対的に良好,82.06890177051922,73.94843798064224,44.0,52.98453139419267,65.37359524871573,True,,4
8001,8001.T,伊藤忠商事,卸売業,14801139924992.0,19350956277760.0,910107017216.0,6767780250751.606,339395641344.0,929405009920.0,15140014522368.0,2541156040704.0,802572169830.7277,992897007616.0,,5244012986368.0,-4385004978176.0,0.060410863951472195,0.45724720356755244,0.022930371786494912,20.821,2.12,-0.296261301521232,0.14093,,0.05301,0.3729183875344735,5.64233346108107,,0.089,0.048,0,0,2117.5,0.08173690932311617,27798861965.0,69.20490085271967,78.10358558781834,0.7813933409732273,2026-08-24,63.727777777777774,72.96296296296295,92.0,33.33333333333333,22.999999999999996,63.333333333333336,53.62222222222223,2.0,22.22222222222222,90.0,50.0,50.0,100.0,5.699999999999999,33.33333333333333,-1.3000000000000003,100.0,6.0,66.66666666666667,1.4000000000000006,33.33333333333333,-0.9000000000000002,,,66.66666666666666,1.4999999999999991,100.0,1.625,,,,,100.0,1.5,100.0,1.625,66.66666666666667,0.5000000000000001,,,,,,,33.33333333333333,-0.6250000000000001,33.33333333333333,-0.6250000000000001,,,,,,,利益利回りが相対的に良好 / FCF利回りが相対的に良好 / roeが相対的に良好,69.20490085271967,78.10358558781834,36.0,48.6310756763455,63.587388336370026,True,,5
8306,8306.T,三菱UFJフィナンシャル・グループ,銀行業,39254793125888.0,6244449910784.0,1992718024704.0,22742384507046.176,,,7260459237376.0,7260459237376.0,3310769194429.6787,,,108380647587840.0,34723032203264.0,0.06096810770479583,0.5793530954922795,,,2.74,0.884555220859504,0.09458999,,0.45599997,,,,0.288,0.509,0,0,3481.0,-0.07272242940863083,146117621315.0,80.14888042612205,70.66466471210126,0.8010634970284641,2026-08-24,49.68023809523809,44.04761904761904,66.66666666666666,83.33333333333333,16.9,43.666666666666664,38.74688888888888,,0.0,56.00000000000001,25.0,50.0,33.33333333333333,-1.9000000000000004,33.33333333333333,-1.3000000000000003,,,,,100.0,2.7,,,33.33333333333333,-1.5000000000000004,66.66666666666666,0.5416666666666664,,,,,66.66666666666666,0.4999999999999997,,,,,,,,,,,66.66666666666666,0.6249999999999997,100.0,1.875,,,,,,,dividend_yieldが相対的に良好 / eps_growthが相対的に良好 / データ不足のため信頼度が低い,80.14888042612205,70.66466471210126,96.0,88.39939941363036,61.16931480979831,True,,6
2914,2914.T,日本たばこ産業,食料品,12232213659648.0,13270524100608.0,609960001536.0,4393754388706.7524,258373369856.0,1193064005632.0,3719202078720.0,2114808971264.0,1180363163723.3665,677934006272.0,,1676771983360.0,-848862969856.0,0.04872859066731514,0.35919535069032316,0.021122372208746645,11.123,3.9,-0.0693956951272242,0.14298001,,0.31737,0.42359067677448475,1.4054333844995734,,0.17,0.446,0,0,6890.0,0.06639839034205242,31139940620.0,80.78501965752892,74.77175360554943,0.9003660024400163,2026-08-24,50.87996822444392,49.63909685086155,66.02951871657754,56.26086956521739,10.999999999999998,63.333333333333336,58.68888888888889,2.0,22.22222222222222,90.0,50.0,50.0,44.0,-0.6839999999999999,20.0,-2.34,35.294117647058826,-1.764705882352941,54.54545454545455,0.38181818181818195,98.0,2.592,,,68.0,1.6199999999999999,76.0,0.845,,,,,80.0,0.8999999999999999,41.17647058823529,-0.2867647058823531,68.18181818181819,0.5454545454545456,,,,,,,56.00000000000001,0.22500000000000026,56.52173913043478,0.2445652173913043,,,,,,,dividend_yieldが相対的に良好 / operating_marginが相対的に良好 / roeが相対的に良好,80.78501965752892,74.77175360554943,48.0,56.03152608166482,58.87138686843726,True,,7
8591,8591.T,オリックス,その他金融業,6781672620032.0,12169589555200.0,623129985024.0,4697371635971.374,,1152645988352.0,3460485873664.0,1509147017216.0,744627350295.0195,,,6308802068480.0,-5339879047168.0,0.0906071795498146,0.6926568126537871,,10.558,2.77,-0.7873985292942087,0.14035,,0.21518,,5.473321498737035,,0.174,1.706,0,0,6209.0,-0.04988523335883699,22139211470.0,62.46563427520003,70.662291385261,0.8442953020134228,2026-08-24,52.166186075968696,59.812987012987016,57.38574938574939,78.91304347826087,28.299999999999997,52.333333333333336,42.45977777777778,,0.0,70.0,37.0,50.0,88.0,4.332,64.0,1.092,,,63.63636363636363,1.1454545454545453,48.0,-0.108,,,24.0,-2.34,68.0,0.585,,,,,76.0,0.78,,,27.272727272727266,-0.681818181818182,,,,,,,60.0,0.375,97.82608695652173,1.793478260869565,,,,,,,eps_growthが相対的に良好 / 利益利回りが相対的に良好 / operating_marginが相対的に良好,62.46563427520003,70.662291385261,28.000000000000004,40.7986874155783,53.60429825973749,True,,8
9434,9434.T,ソフトバンク,情報・通信業,11240923463680.0,18688428212224.0,546118991872.0,2911447188312.078,1263166816256.0,1813463040000.0,7194786922496.0,3452022030336.0,1188938538942.464,1297062035456.0,,7421353787392.0,-5775568797696.0,0.04795744908189779,0.259004250389251,0.11237215699736385,10.305,3.76,-0.5137984273584959,0.16712,,0.16525,2.312988259071683,4.092365614130189,,0.094,0.034,0,0,235.0,0.06046928487098002,19080855347.554626,81.35253863220215,79.2860341302872,0.728735562028556,2026-08-24,44.53333333333333,46.388888888888886,69.0,50.0,22.999999999999996,63.333333333333336,53.62222222222223,2.0,22.22222222222222,90.0,50.0,50.0,25.0,-2.8499999999999996,25.0,-1.95,50.0,0.0,25.0,-2.1,100.0,2.7,,,75.0,2.25,75.0,0.8125,,,,,75.0,0.75,75.0,0.8125,50.0,0.0,,,,,,,50.0,0.0,50.0,0.0,,,,,,,dividend_yieldが相対的に良好 / ネットキャッシュが相対的に良好 / roeが相対的に良好,81.35253863220215,79.2860341302872,12.0,32.18581023908616,52.50338234862582,True,,9
6702,6702.T,富士通,電気機器,6404799201280.0,5880020992000.0,317783015424.0,2030927163768.75,285670866944.0,511930007552.0,3532488966144.0,1259564040192.0,238125081207.76703,337962991616.0,,133699002368.0,464235012096.0,0.047199999282560016,0.3170946016863725,0.04460262655649043,11.486,1.51,0.07248236790986712,0.16202,,0.06741,0.8989494500291195,0.26116656651430875,,0.039,-0.761,0,0,3700.0,0.1283928026837451,32264115960.0,41.446235903980806,30.568396551960227,0.40038436899423446,2026-08-24,54.99722222222223,60.64814814814815,67.33333333333333,37.5,10.999999999999998,63.333333333333336,58.68888888888889,2.0,22.22222222222222,90.0,50.0,50.0,50.0,0.0,50.0,0.0,66.66666666666666,1.999999999999999,25.0,-2.1,75.0,1.35,,,100.0,4.5,100.0,1.625,,,,,25.0,-0.75,66.66666666666666,0.5416666666666664,75.0,0.75,,,,,,,50.0,0.0,25.0,-0.9375,,,,,,,ネットキャッシュが相対的に良好 / roeが相対的に良好 / dividend_yieldが相対的に良好,41.446235903980806,30.568396551960227,56.00000000000001,48.37051896558807,50.94680531699846,True,,10
6501,6501.T,日立製作所,電気機器,23571355140096.0,22671685320704.0,799613976576.0,6560647494468.049,,1754138017792.0,11038041833472.0,3327742967808.0,1198841767685.5613,1722143997952.0,,1056926990336.0,821918957568.0,0.033547284494928185,0.27833137114355533,,12.925,1.06,0.03486939773648723,,,0.108610004,,0.6025335404715725,,0.2,0.005,0,0,5266.0,0.08577319587628862,68492307465.0,70.17938673071139,54.823230335393404,0.722473604826546,2026-08-24,39.10214285714285,33.92857142857142,50.0,75.0,14.299999999999999,52.333333333333336,47.34422222222223,2.0,22.22222222222222,70.0,37.0,50.0,25.0,-2.8499999999999996,25.0,-1.95,,,0.0,-4.2,50.0,0.0,,,75.0,2.25,50.0,0.0,,,,,50.0,0.0,,,50.0,0.0,,,,,,,100.0,1.875,50.0,0.0,,,,,,,revenue_growthが相対的に良好 / ネットキャッシュが相対的に良好,70.17938673071139,54.823230335393404,76.0,69.64696910061801,49.9259364498825,True,,11
4502,4502.T,武田薬品工業,医薬品,9256368603136.0,14185338503168.0,-163436003328.0,7636581916623.985,541443883008.0,1249335967744.0,4618934812672.0,2977719910400.0,759629973102.689,953630982144.0,,5536499105792.0,-5075517112320.0,,0.825008516150408,0.05849420071976846,11.354,3.54,-0.5483270308185919,-0.02262,,0.16445999,3.3128800997499637,4.431553440176372,,0.102,-0.098,1,0,5797.0,0.026381019830028274,23858663100.0,89.2536982503841,73.35528150559404,0.9464594127806563,2026-08-24,34.71928543749516,49.5045751633987,50.24877005347594,26.695652173913043,33.0,63.333333333333336,49.400000000000006,2.0,22.22222222222222,90.0,50.0,50.0,6.0,-5.016,72.0,1.716,76.47058823529412,3.176470588235294,50.0,0.0,84.0,1.836,,,28.000000000000004,-1.9799999999999995,6.0,-1.4300000000000002,,,,,60.0,0.3,94.11764705882352,1.4338235294117645,40.90909090909091,-0.2727272727272728,,,,,,,36.0,-0.525,17.391304347826086,-1.2228260869565217,,,,,,,fcf_conversionが相対的に良好 / dividend_yieldが相対的に良好 / FCF利回りが相対的に良好,89.2536982503841,73.35528150559404,32.0,44.406584451678214,49.3216185421357,True,,12
8766,8766.T,東京海上ホールディングス,保険業,13794221752320.0,12066696986624.0,539595997184.0,8196337852555.082,,974387740672.0,8362896916480.0,1631051972608.0,1106996748463.4268,,,772566024192.0,2018393063424.0,0.03845062735659089,0.5941863853360504,,12.384,3.33,0.1463216337728175,,,0.13237001,,0.7928733007859778,,0.001,-0.433,0,0,7261.0,-0.10534746180384424,35814259090.0,62.26803939340711,69.36287550129855,0.6279986855077226,2026-08-24,37.48212622277839,48.820779220779215,49.02211302211302,6.260869565217391,14.299999999999999,52.333333333333336,47.34422222222223,,0.0,70.0,37.0,50.0,20.0,-3.42,48.0,-0.156,,,31.818181818181827,-1.5272727272727267,72.0,1.188,,,88.0,3.42,16.0,-1.105,,,,,52.0,0.06,,,81.81818181818181,0.9545454545454544,,,,,,,6.0,-1.65,6.521739130434782,-1.6304347826086956,,,,,,,ネットキャッシュが相対的に良好 / debt_to_ebitdaが相対的に良好 / dividend_yieldが相対的に良好,62.26803939340711,69.36287550129855,64.0,65.60886265038957,46.49127815819669,True,,13
8031,8031.T,三井物産,卸売業,14040568954880.0,19142746832896.0,936376008704.0,8978719639888.908,-731182858240.0,775447969792.0,15042844033024.0,1440500023296.0,511155840242.1556,732635987968.0,,5880954748928.0,-4996358733824.0,0.058740411729167934,0.6394839926924885,-0.052076440818722446,24.686,2.86,-0.35585158620566043,0.11378,,0.03398,-0.7808645794460288,7.583944994408149,,0.317,0.556,0,1,4954.0,-0.002416431735803415,28396196060.0,40.10361674576422,59.844902138297186,0.5049361207897793,2026-08-24,47.45,56.666666666666664,49.99999999999999,83.33333333333333,33.0,63.333333333333336,49.400000000000006,1.0,22.22222222222222,90.0,50.0,50.0,66.66666666666666,1.8999999999999988,100.0,3.9,33.33333333333333,-2.0000000000000004,33.33333333333334,-1.3999999999999992,100.0,2.7,,,33.33333333333333,-1.5000000000000004,66.66666666666666,0.5416666666666664,,,,,66.66666666666666,0.4999999999999997,33.33333333333333,-0.5416666666666669,33.33333333333334,-0.4999999999999997,,,,,,,100.0,1.875,66.66666666666666,0.6249999999999997,,,,,,,純資産価値が相対的に良好 / dividend_yieldが相対的に良好 / revenue_growthが相対的に良好,40.10361674576422,59.844902138297186,40.0,45.953470641489155,45.46375125058997,True,,14
4519,4519.T,中外製薬,医薬品,11498946560000.0,10572646055936.0,471372005376.0,2028230161399.1199,332299239424.0,678050004992.0,1342809047040.0,958001971200.0,632355636432.0768,449298006016.0,,0.0,962572976128.0,0.04104050315985198,0.17638400236608556,0.028898233215547704,15.593,1.88,0.08370966602074546,0.23493,,0.47092,0.7049617619080589,0.0,,0.178,0.197,0,0,6987.0,-0.05784789644012944,20134197260.0,26.623055100783763,50.50331364521763,0.21962196219621963,2026-08-24,47.246787568782445,35.61913250148544,86.65775401069519,53.73913043478261,10.999999999999998,63.333333333333336,58.68888888888889,1.0,22.22222222222222,90.0,50.0,50.0,24.0,-2.9639999999999995,6.0,-3.432,47.05882352941176,-0.35294117647058865,18.181818181818173,-2.6727272727272737,24.0,-1.404,,,84.0,3.06,98.0,1.56,,,,,98.0,1.44,58.82352941176471,0.2867647058823531,93.18181818181819,1.2954545454545456,,,,,,,64.0,0.525,43.47826086956522,-0.2445652173913043,,,,,,,roeが相対的に良好 / operating_marginが相対的に良好 / debt_to_ebitdaが相対的に良好,26.623055100783763,50.50331364521763,16.0,26.350994093565287,40.00127510426106,True,,15
9984,9984.T,ソフトバンクグループ,情報・通信業,28352144474112.0,56743560216576.0,4908440879104.0,18227847887784.875,-2185302900736.0,528074997760.0,7997900193792.0,4115119996928.0,-923837403397.5128,-598097985536.0,,27790728495104.0,-23863656448000.0,0.17534271171361204,0.6429089108010818,-0.07707716440043445,107.454,0.21,-0.8416878825441093,0.31964,,-0.115509994,-0.445213246845689,52.626480354092344,,0.109,-0.178,0,1,4975.0,-0.09545454545454546,239450728450.0,51.15,0.0,0.2864390243902439,2026-08-24,30.3125,48.33333333333333,38.5,56.25,33.0,63.333333333333336,49.400000000000006,0.0,22.22222222222222,90.0,50.0,50.0,100.0,5.699999999999999,75.0,1.95,25.0,-3.0,0.0,-4.2,25.0,-1.35,,,50.0,0.0,100.0,1.625,,,,,25.0,-0.75,25.0,-0.8125,0.0,-1.5,,,,,,,87.5,1.40625,25.0,-0.9375,,,,,,,利益利回りが相対的に良好 / roeが相対的に良好 / revenue_growthが相対的に良好,51.15,0.0,100.0,70.0,39.490625,True,,16
1605,1605.T,INPEX,鉱業,4519873740800.0,5945932906496.0,433455988736.0,5102570032251.825,183773626368.0,1377061044224.0,1962978967552.0,1102424047616.0,1180771108561.8792,819872989184.0,,1318322962432.0,-1102132969472.0,0.09516327877463955,1.1289188017249427,0.04065901768651457,4.318,2.83,-0.24384153909505596,0.092709996,,0.60152,0.42397297798076766,0.9573453319020436,,-0.026,0.629,0,0,3889.0,0.034033501728263804,17175492925.0,80.16876729180493,64.59533777896254,0.609577138443715,2026-08-24,63.53097264202123,75.47795603089722,60.48983957219251,46.47826086956522,10.999999999999998,63.333333333333336,58.68888888888889,2.0,22.22222222222222,90.0,50.0,50.0,92.0,4.787999999999999,92.0,3.276,58.82352941176471,1.0588235294117652,93.18181818181819,3.627272727272728,52.0,0.108,,,60.0,0.8999999999999999,28.000000000000004,-0.7149999999999999,,,,,98.0,1.44,47.05882352941176,-0.09558823529411778,72.72727272727273,0.681818181818182,,,,,,,6.0,-1.65,86.95652173913044,1.3858695652173914,,,,,,,operating_marginが相対的に良好 / EV/EBITDAが相対的に良好 / 利益利回りが相対的に良好,80.16876729180493,64.59533777896254,8.0,24.978601333688765,63.835184173633905,False,流動性不足,17
5020,5020.T,ENEOSホールディングス,石油・石炭製品,3568734044160.0,5850126614528.0,688223027200.0,3743289112098.042,-202149003264.0,1120421937152.0,12303327035392.0,1681557028864.0,1614319540313.7842,496108011520.0,,2387852918784.0,-1917719904256.0,0.07159269256250722,1.0489123565546796,-0.056644457323684186,5.221,2.55,-0.5373669992008016,0.19527,,0.13121,-0.29372600926538717,2.1312086452481305,,0.187,,0,1,1340.5,0.015530303030303116,9637966897.5,82.75681768004337,70.06900619130735,0.7129760225669958,2026-08-24,49.22644385026738,55.52762923351159,55.73946524064171,68.0,23.5,55.0,46.38333333333333,1.0,22.22222222222222,90.0,50.0,25.0,76.0,2.9639999999999995,84.0,2.652,17.647058823529413,-3.88235294117647,93.18181818181819,3.627272727272728,36.0,-0.756,,,32.0,-1.6199999999999999,92.0,1.365,,,,,48.0,-0.06,23.52941176470588,-0.8602941176470589,59.090909090909086,0.2727272727272726,,,,,,,68.0,0.6749999999999999,,,,,,,,,EV/EBITDAが相対的に良好 / roeが相対的に良好 / 純資産価値が相対的に良好,82.75681768004337,70.06900619130735,4.0,23.820701857392205,55.06846310842386,False,流動性不足,18
8316,8316.T,三井住友フィナンシャルグループ,銀行業,25132521226240.0,-29938096799744.0,1262030946304.0,16157817179356.736,,,4715949064192.0,4715949064192.0,1928634434972.979,,,59157176647680.0,55170406809600.0,0.06242226087686047,0.6429047361763267,,,2.04,2.195179954806861,0.08569,,0.40895998,,,,0.248,0.35,0,0,6593.0,-0.07931853093143415,82182232785.0,67.79098731334757,68.29369768089347,0.8134574947431661,2026-08-24,42.72785714285713,74.4047619047619,33.33333333333333,33.33333333333333,16.9,43.666666666666664,38.74688888888888,,0.0,56.00000000000001,25.0,50.0,66.66666666666666,1.8999999999999988,100.0,3.9,,,,,66.66666666666666,0.8999999999999995,,,66.66666666666666,1.4999999999999991,33.33333333333333,-0.5416666666666669,,,,,33.33333333333333,-0.5000000000000001,,,,,,,,,,,33.33333333333333,-0.6250000000000001,33.33333333333333,-0.6250000000000001,,,,,,,純資産価値が相対的に良好 / データ不足のため信頼度が低い,67.79098731334757,68.29369768089347,88.0,82.08810930426803,52.92966490162084,False,品質スコア不足,19
9101,9101.T,日本郵船,海運業,2905604096000.0,4068241571840.0,228572004352.0,3114678992003.502,,342653501440.0,2550418898944.0,473244991488.0,202273722875.24866,,,1361653006336.0,-1135666003968.0,0.07012221952251678,1.0719556673438568,,11.873,3.38,-0.3908536629375677,0.07705,,0.07931,,3.9738482187214155,,0.211,0.374,0,0,7200.0,0.21089808274470223,21563931645.0,85.26748780282817,70.94415641159603,1.0,2026-08-24,41.87126566148305,63.26753246753246,33.62162162162162,64.08695652173913,14.299999999999999,52.333333333333336,47.34422222222223,,0.0,70.0,37.0,50.0,72.0,2.508,88.0,2.964,,,40.90909090909091,-0.7636363636363639,76.0,1.404,,,44.0,-0.54,20.0,-0.9750000000000001,,,,,32.0,-0.54,,,50.0,0.0,,,,,,,76.0,0.975,52.17391304347826,0.08152173913043467,,,,,,,純資産価値が相対的に良好 / dividend_yieldが相対的に良好 / revenue_growthが相対的に良好,85.26748780282817,70.94415641159603,24.0,38.083246923478804,52.34151932301891,False,品質スコア不足,20
7751,7751.T,キヤノン,電気機器,3899907637248.0,4630133080064.0,347333001216.0,3461754905734.9478,167895744512.0,726250029056.0,4700702244864.0,2249186869248.0,633795683675.0132,522431987712.0,,1270057009152.0,-525887012864.0,0.08557888036466188,0.8876505177887383,0.04305121047186567,6.375,3.48,-0.13484601733673268,0.10371,,0.13483,0.4833855231843885,1.7487875502089212,,0.036,0.555,0,0,4621.0,0.020989836500221015,20142378260.0,68.6133756664431,74.42496556824503,0.6666666666666666,2026-08-24,45.627777777777766,68.79629629629629,33.166666666666664,62.5,10.999999999999998,63.333333333333336,58.68888888888889,2.0,22.22222222222222,90.0,50.0,50.0,100.0,5.699999999999999,100.0,3.9,33.33333333333333,-2.0000000000000004,75.0,2.1,100.0,2.7,,,25.0,-2.25,25.0,-0.8125,,,,,75.0,0.75,33.33333333333333,-0.5416666666666669,0.0,-1.5,,,,,,,25.0,-0.9375,100.0,1.875,,,,,,,利益利回りが相対的に良好 / 純資産価値が相対的に良好 / dividend_yieldが相対的に良好,68.6133756664431,74.42496556824503,20.0,36.32748967047351,50.44414843921368,False,品質スコア不足,21
8058,8058.T,三菱商事,卸売業,17549562478592.0,22939223195648.0,895863029760.0,9632073879383.428,133405376512.0,776017018880.0,19878287245312.0,1789672030208.0,576669112986.5011,1813612986368.0,,6490588971008.0,-4650688970752.0,0.043809723331520924,0.5488497700484118,0.00760163546383198,29.56,2.61,-0.2650031290765902,0.10077,,0.02901,0.14891269321353628,8.363977610150425,,0.228,0.579,0,0,4793.0,-0.02541683611224077,36284132425.0,68.83567329275091,73.50992646447851,0.6071428571428571,2026-08-24,37.03888888888889,54.81481481481481,34.0,83.33333333333333,22.999999999999996,63.333333333333336,53.62222222222223,2.0,22.22222222222222,90.0,50.0,50.0,33.33333333333333,-1.9000000000000004,66.66666666666666,1.2999999999999992,66.66666666666666,1.999999999999999,0.0,-4.2,66.66666666666666,0.8999999999999995,,,100.0,4.5,33.33333333333333,-0.5416666666666669,,,,,33.33333333333333,-0.5000000000000001,66.66666666666666,0.5416666666666664,0.0,-1.5,,,,,,,66.66666666666666,0.6249999999999997,100.0,1.875,,,,,,,ネットキャッシュが相対的に良好 / eps_growthが相対的に良好,68.83567329275091,73.50992646447851,68.0,69.65297793934354,48.249493894899864,False,品質スコア不足,22
7267,7267.T,本田技研工業,輸送用機器,6800337797120.0,15965705207808.0,-169696002048.0,12360087318824.654,267755618304.0,1282138046464.0,22517855027200.0,3928752128000.0,1971663386181.632,1342118035456.0,,14376177238016.0,-8874140106752.0,,1.8175695946489006,0.03937387028294341,12.452,3.99,-1.304955778889436,-0.0076200003,,0.08756,1.5778546051324354,11.212659415001344,,0.135,1.475,1,0,1747.0,0.13736979166666674,32142204795.0,88.01128600173381,65.04701672993286,0.9880478087649402,2026-08-24,19.57788343796016,42.229352346999406,29.098395721925133,74.91304347826087,33.0,63.333333333333336,49.400000000000006,2.0,22.22222222222222,90.0,50.0,50.0,6.0,-5.016,98.0,3.7439999999999998,52.94117647058824,0.35294117647058865,27.272727272727266,-1.9090909090909098,98.0,2.592,,,6.0,-3.96,6.0,-1.4300000000000002,,,,,36.0,-0.42,70.58823529411765,0.6691176470588237,2.2727272727272663,-1.4318181818181819,,,,,,,52.0,0.075,97.82608695652173,1.793478260869565,,,,,,,純資産価値が相対的に良好 / dividend_yieldが相対的に良好 / eps_growthが相対的に良好,88.01128600173381,65.04701672993286,52.0,55.91410501897985,40.31985623700554,False,品質スコア不足,23
5401,5401.T,日本製鉄,鉄鋼,3481234046976.0,8957409099776.0,288290013184.0,5636150416205.358,,1111584276480.0,10875662499840.0,1534989959168.0,487229679992.832,,,5515738873856.0,-5026012889088.0,0.004954211198419726,1.619009240819044,,8.058,3.64,-1.443744609315735,0.05505,,0.0448,,4.962051902463412,,0.404,,0,0,666.0999755859375,0.07975352443632278,34216749106.32141,66.91689998728107,73.07632150727294,0.8089818897361527,2026-08-24,18.338069498069494,49.5116883116883,19.724815724815727,98.0,30.8,44.0,34.965333333333334,,0.0,70.0,37.0,25.0,12.0,-4.332,98.0,3.7439999999999998,,,77.27272727272728,2.290909090909092,88.0,2.052,,,6.0,-3.96,12.0,-1.235,,,,,16.0,-1.02,,,31.818181818181827,-0.5454545454545452,,,,,,,98.0,1.7999999999999998,,,,,,,,,純資産価値が相対的に良好 / revenue_growthが相対的に良好 / dividend_yieldが相対的に良好 / データ不足のため信頼度が低い,66.91689998728107,73.07632150727294,60.0,63.92289645218188,35.04125981578363,False,品質スコア不足,24
7203,7203.T,トヨタ自動車,輸送用機器,37003290738688.0,68611334995968.0,4483796959232.0,37306372579278.08,-3599962472448.0,5600540884992.0,51957024686080.0,8711846232064.0,4085380851066.4707,4132990091264.0,,43953168580608.0,-30602607722496.0,0.11245120461103915,1.0081907432361996,-0.09728763038591419,12.251,3.19,-0.8270239514265713,0.12404,,0.07863,-0.8028825803621166,7.848022089864769,,0.104,0.869,0,1,3125.0,0.07870210562651025,106536890810.0,55.60021672494289,53.759288159750746,0.34896661367249604,2026-08-24,19.048991862357596,48.94153297682709,26.08213903743316,65.65217391304347,33.0,63.333333333333336,49.400000000000006,1.0,22.22222222222222,90.0,50.0,50.0,98.0,5.4719999999999995,80.0,2.34,5.88235294117647,-5.294117647058823,36.36363636363637,-1.1454545454545453,64.0,0.756,,,20.0,-2.6999999999999997,56.00000000000001,0.19500000000000023,,,,,28.000000000000004,-0.6599999999999999,5.88235294117647,-1.4338235294117647,13.63636363636364,-1.0909090909090908,,,,,,,40.0,-0.375,91.30434782608695,1.5489130434782608,,,,,,,利益利回りが相対的に良好 / eps_growthが相対的に良好 / 純資産価値が相対的に良好,55.60021672494289,53.759288159750746,92.0,80.52778644792522,34.33467753656068,False,品質スコア不足,25
